Employed,Bank Balance,Annual Salary,Defaulted,Loan,Debt to Income,Age,Credit Score,Interest Rate
1,8754.36,532339.56,0,10700,19.48,67,758,7.672
0,9806.16,145273.56,0,8400,14.29,24,552,6.692
1,12882.6,381205.68,0,9000,11.63,26,834,6.963
1,6351,428453.88,0,10700,8.1,34,587,7.664
1,9427.92,461562,0,10800,14.97,37,602,7.698
0,11035.08,89898.72,0,10100,16.98,57,864,7.438
1,9906.12,298862.76,0,10300,4,37,860,7.49
0,9704.04,211205.4,0,8800,11.08,29,863,6.857
1,13932.72,449622.36,0,9300,17.25,23,580,7.096
1,0,351303.24,0,9700,10,28,788,7.248
0,0,262452.84,0,9300,22.09,35,723,7.085
0,14646.96,159222.72,0,9200,9.16,34,501,7.015
1,2844.6,339020.4,0,9200,15.49,51,884,7.043
1,7280.88,539934.72,0,9400,6.5,41,520,7.101
1,13355.64,285722.04,0,8400,9.73,30,773,6.703
1,3434.76,540508.92,0,9400,13.04,29,685,7.136
1,0,603183.72,0,8900,2.26,23,846,6.897
0,6330.48,211638.48,0,8300,7.07,24,534,6.648
1,5831.28,738793.32,0,8000,3.8,49,629,6.539
1,13140.84,317575.56,0,10200,2.74,29,688,7.46
1,2747.4,606002.16,0,5200,16.08,39,668,5.326
1,11451.12,389490.12,0,9300,2.59,39,758,7.068
1,12671.52,615814.56,0,7300,7.94,26,692,6.225
1,7703.76,365593.2,0,9000,7.05,40,620,6.943
1,9278.52,412239.72,0,8700,8.8,23,846,6.813
1,10260.12,302535.96,0,8800,10,23,533,6.85
1,7716,497682.12,0,8400,0.28,27,518,6.7
1,17458.32,386269.08,0,7900,14.29,30,812,6.482
1,7388.4,472516.68,0,9700,0.28,47,534,7.267
0,13434.84,198672.84,0,8400,3.72,26,647,6.7
1,5937.84,652617.36,0,7100,2.3,27,683,6.159
0,5386.56,189593.64,0,9600,6.4,33,705,7.216
0,7018.8,269159.28,0,10000,0,32,701,7.389
1,10963.08,562886.76,0,10400,11.33,54,591,7.553
0,17087.28,271613.88,0,9400,15.55,58,647,7.118
0,17996.64,158287.8,0,10100,3.83,30,889,7.437
1,8304.36,573679.32,0,8300,0.31,40,651,6.638
1,4217.4,421049.88,0,9800,1.21,22,716,7.296
1,8911.56,454377.84,0,9100,8.03,25,780,7.011
1,7837.44,473875.08,0,8100,11.93,31,799,6.561
1,10465.68,501450.84,0,8800,5.55,33,766,6.852
1,10047.12,617661.24,0,9100,2.29,25,868,6.981
1,13819.56,515009.64,0,10200,14.54,22,765,7.454
0,2646.72,202475.4,0,7200,0,37,673,6.173
0,20282.76,228630.84,0,8900,18.64,30,876,6.927
1,4905.24,650483.28,0,8400,14.37,29,886,6.684
1,14863.32,600800.16,0,9400,3,22,772,7.119
1,14739.72,448902,0,9300,14.78,46,640,7.072
1,9851.04,572958.48,0,11700,9.96,32,798,8.104
1,10289.88,380260.2,0,8300,0.27,24,858,6.653
1,6763.44,511695,0,10600,1.12,42,543,7.626
0,15395.64,157447.68,0,10400,10.7,43,846,7.551
0,18069.36,318685.68,0,8500,4.05,49,555,6.755
0,10848.48,202587.6,0,11100,16.44,25,603,7.829
1,0,599478.96,0,8800,12.57,29,808,6.856
0,15534,125571.84,0,8500,17.12,45,519,6.728
0,15306.6,190649.64,0,10000,2.04,34,786,7.386
1,18439.08,585202.92,0,8200,10.15,34,769,6.605
1,15990.24,469717.68,0,8400,15,34,685,6.689
1,5904.96,400549.08,0,10100,7.72,29,556,7.419
1,9194.76,557739.48,0,10600,7.14,28,567,7.637
1,8281.56,761195.76,0,11200,2.55,39,632,7.869
1,0,389778.48,0,10800,1.5,29,818,7.7
1,17767.92,442393.92,0,8800,7.47,46,584,6.872
1,11868.72,544131,0,8500,8.52,51,750,6.728
1,15628.08,404345.16,0,9600,14.47,57,808,7.22
1,12534.6,656361.24,0,10100,11.06,56,838,7.406
1,0,523898.76,0,8600,8.55,30,741,6.773
1,10392.36,460361.04,0,9900,17.38,29,820,7.343
1,8289.6,577685.64,0,9900,6.48,22,665,7.311
1,7173.12,378931.44,0,7200,4.56,31,783,6.199
1,5153.88,615734.64,0,9200,2.72,29,663,7.044
1,16777.92,475739.28,0,8600,15.13,32,612,6.773
0,18936.72,238637.88,0,11100,6.45,37,739,7.853
1,10284.84,319868.28,0,8700,20,32,812,6.838
0,9029.52,194535.36,0,9300,20,24,571,7.072
0,9296.88,182324.76,0,7400,13.5,25,870,6.276
1,8740.44,541580.64,0,9200,3.45,45,793,7.055
1,923.88,340705.08,0,10500,6.07,22,804,7.579
1,2357.52,496161.48,0,9800,18,44,801,7.277
0,11385,171571.44,0,8600,2.14,33,711,6.778
1,5183.04,472438.56,0,9400,5.35,26,673,7.106
1,5539.68,554654.52,0,10400,15,30,634,7.543
1,6864.24,396555.72,0,8700,15,44,834,6.804
1,4026.84,615101.28,0,7800,12.23,49,764,6.428
1,6122.88,724772.64,0,9300,7.1,33,865,7.063
0,12061.92,288463.8,0,10300,19.52,45,593,7.496
0,1949.4,158901,0,8400,3.46,32,511,6.7
1,11190.36,606449.64,0,10800,5.24,35,533,7.698
0,10719.96,142868.16,0,9600,2.86,44,677,7.19
1,15993.36,533941.92,0,8600,12.24,53,774,6.767
1,16852.56,420517.32,0,12400,12.36,39,638,8.404
0,13787.64,198938.28,0,8400,4.8,27,644,6.682
1,4418.64,691161.96,0,9400,18,37,732,7.11
1,5393.64,551408.04,0,9800,3.49,23,586,7.272
1,9840.24,619015.92,0,7500,5,35,642,6.294
0,7437,189007.44,0,8500,20,43,872,6.751
1,12572.64,557003.64,0,9200,0.72,27,898,7.054
1,2926.08,566326.68,0,10400,2.44,22,734,7.539
1,2238,545166.6,0,9000,9.66,38,639,6.939
1,17064.24,458688.36,0,10200,0.43,32,506,7.449
1,4605.6,737103.48,0,9900,2.8,30,664,7.338
1,13913.28,549625.2,0,7400,16.89,63,670,6.255
1,10595.88,206180.88,0,11200,5.84,22,577,7.887
1,17558.76,785494.2,0,7000,9.55,26,857,6.108
0,20668.32,231737.04,0,7800,3.11,24,653,6.425
0,9287.04,174706.92,0,10900,10.2,36,595,7.76
1,11498.04,393795.36,0,8700,5.87,52,639,6.824
1,14490.36,816450.96,0,11100,5.01,38,787,7.838
1,12679.32,366559.2,0,7100,14.4,35,560,6.134
1,1411.68,558603.24,0,7800,7.22,31,613,6.419
1,7163.52,697060.32,0,9500,17.83,47,514,7.175
1,0,572755.56,0,7800,0,41,867,6.449
0,6499.92,196028.4,0,8600,0.22,24,717,6.778
1,13430.16,540240.24,0,9800,1.53,41,872,7.305
0,9723.84,245984.04,0,10000,8.15,24,619,7.355
1,3258.6,394201.44,0,9600,22.15,28,668,7.2
1,13372.8,572568.24,0,12800,18.38,26,640,8.572
1,10404.36,402491.76,0,11600,9.8,34,600,8.064
0,14121.48,211592.52,0,8200,20.76,38,524,6.615
1,7322.76,509584.32,0,9400,10.6,37,883,7.11
1,3271.44,665392.08,0,9400,5.08,40,503,7.118
1,5396.88,595721.16,0,8600,2.64,48,887,6.781
0,9933.24,128082.36,0,10300,3.26,35,604,7.508
1,5160,407102.64,0,8700,13.77,27,644,6.822
1,0,381909.12,0,9000,20.67,23,648,6.929
0,18688.08,220855.08,0,9200,20.4,52,797,7.022
1,11138.88,404665.92,0,8800,12,36,806,6.876
1,16481.4,589221.6,0,7800,9.87,51,845,6.438
0,11412.84,223218.36,0,9000,9.13,55,815,6.959
0,15506.52,276790.2,0,8100,0,23,585,6.58
1,6986.28,297129.6,0,7200,6.38,41,729,6.193
0,4073.04,231695.76,0,9800,2.4,34,538,7.283
1,4919.76,535693.08,0,7600,24.81,46,629,6.373
1,14597.4,643678.2,0,9200,14.4,22,791,7.043
1,7181.52,529491.24,0,10100,9.71,34,671,7.431
0,17844,214252.8,1,8600,12.16,27,787,6.784
1,11325.6,719722.08,0,8400,3.83,33,572,6.679
1,0,594309,0,10400,6.29,51,755,7.543
0,11955.36,250598.88,0,9600,1.13,24,670,7.225
0,8979.6,134984.04,0,8100,12.77,47,760,6.56
1,3896.88,184938.24,0,10300,18.92,28,578,7.523
0,6904.56,192068.16,0,9000,11.78,23,648,6.932
1,5300.88,432146.88,0,10100,5.83,29,836,7.413
1,14263.68,474318.72,0,8700,15.4,29,900,6.831
1,1141.8,616454.4,0,11000,8.14,28,777,7.808
1,12187.32,518625.48,0,8400,18,27,765,6.702
1,15102.84,539180.04,0,8300,9.89,34,534,6.646
0,14138.88,93003.48,0,11000,17.57,23,667,7.805
1,8778.36,527472.72,0,9800,17.76,60,880,7.307
1,4201.08,533462.4,0,11200,16.87,32,820,7.905
1,5026.2,442821.36,0,9500,10.05,25,568,7.154
1,6398.76,472722.48,0,11200,24.4,41,805,7.871
1,1143.6,388312.68,0,10600,18.19,56,590,7.638
0,17436.12,191196,0,9700,8.93,26,892,7.236
1,4231.68,472856.88,0,9600,4.84,34,540,7.222
0,8834.88,169295.88,0,8100,19.93,37,869,6.586
1,15677.76,494695.56,0,7700,8.04,30,737,6.394
1,13789.8,542337.48,0,8800,16.39,45,831,6.883
1,8438.76,692151.36,0,10600,9.09,57,671,7.637
0,16329.6,226371.72,0,7800,24.85,41,608,6.441
1,377.4,639448.2,0,9000,24.01,27,803,6.958
1,11858.52,582844.32,0,10000,11.31,47,795,7.385
1,4320.24,287130.6,0,9100,0.8,34,642,6.982
1,7769.76,398715.36,0,7700,16.97,46,674,6.391
0,0,117801.48,0,9900,2.97,27,804,7.348
1,5342.88,383695.44,0,9100,4.2,50,788,7.01
0,10542.48,209960.88,0,8300,8.92,27,737,6.669
0,4029.96,261118.44,0,7800,8.5,35,781,6.441
1,7999.32,365261.64,0,9000,13.07,22,545,6.932
1,9766.56,488849.52,0,10800,3.84,37,796,7.723
1,10035.6,655286.16,0,10000,15.37,30,660,7.375
1,11609.76,396661.32,0,8700,6.34,22,850,6.812
0,26469.6,171257.88,1,7900,11.98,24,851,6.468
0,15098.28,140066.64,0,10500,0,29,794,7.569
1,14877.6,481286.04,0,11200,19.82,56,866,7.899
0,0,165123.6,0,9600,10.8,30,777,7.189
0,11134.68,269680.56,0,12100,15.74,30,780,8.287
0,16680.36,255589.2,0,10800,9.55,22,611,7.718
1,4926,641654.52,0,9800,7.51,29,584,7.27
1,876.96,368180.88,0,6300,11.95,37,621,5.823
1,9487.2,543637.2,0,8200,7.88,35,660,6.612
1,9474,390958.8,0,9100,18.68,47,862,6.986
1,9496.32,555830.88,0,9400,10.26,24,829,7.101
1,5748.48,447070.56,0,9500,1.83,25,848,7.143
1,10663.32,346797.48,0,10700,6.11,38,775,7.664
1,15412.68,513983.4,0,9300,0.82,32,812,7.07
0,8547.36,280103.4,0,10000,3.83,47,733,7.37
0,15487.44,220896.6,0,9700,18.71,34,700,7.262
1,1516.32,531371.16,0,8100,17.17,31,781,6.584
1,9352.56,733906.68,0,8800,9.23,32,633,6.86
1,8369.88,593721.12,0,9900,20.48,27,702,7.337
1,7283.64,523320.36,0,7800,1.2,29,882,6.458
0,21634.8,256937.04,0,9800,16.7,24,880,7.305
1,10801.08,495318.72,0,8700,6.48,36,686,6.81
1,11595.36,401291.76,0,9700,17.81,24,733,7.235
1,8052.72,428269.32,0,11100,22.79,34,652,7.859
1,2058.72,282071.88,0,12100,4.27,22,524,8.284
1,17789.76,543127.32,0,8000,10.7,34,705,6.54
1,7687.92,557574.84,0,9900,0.12,22,844,7.319
0,8473.92,216940.2,0,9200,14.6,38,642,7.015
0,21296.28,244314.12,1,9400,12.16,31,649,7.102
1,10998,309220.92,0,10700,11.18,26,557,7.692
1,15255.24,432642,0,9600,13.53,26,866,7.211
1,1326.84,568069.32,0,11400,7.02,48,761,7.972
1,20967.12,453831.48,0,11900,15.3,43,569,8.167
1,22675.2,587474.04,1,10100,11.88,47,523,7.429
1,326.4,252622.08,0,9100,10.28,41,740,6.991
1,8954.76,421918.2,0,9800,19.45,24,638,7.278
0,22792.68,247862.4,1,9800,23.96,50,506,7.286
0,9767.88,244698.36,0,8100,18.3,24,803,6.568
1,5993.52,466789.92,0,8700,23.2,38,880,6.819
1,10237.92,435269.4,0,8900,9.74,43,690,6.898
1,5696.76,384772.08,0,11100,17.56,39,616,7.845
1,14830.56,430065.36,0,10500,11.51,27,648,7.599
1,7448.16,530565.24,0,8400,16.09,42,660,6.709
1,2640.36,454560.36,0,9200,4.67,36,782,7.022
0,15658.92,216888.96,0,7000,3.38,36,601,6.091
0,19297.8,268296.6,0,9500,15.1,31,809,7.167
1,3077.64,451884.72,0,11200,6.15,38,855,7.904
0,13843.2,230699.76,0,18800,19.84,40,768,11.109
1,9262.8,374041.08,0,10800,4.98,45,627,7.713
0,13195.56,204768.48,0,9400,17.81,35,854,7.137
1,9394.56,484285.56,0,8300,1.65,33,700,6.647
1,5331.12,431092.08,0,9900,5.58,37,762,7.318
1,6048.36,297371.52,0,9000,0.38,28,746,6.946
1,21150,505495.92,0,10100,19.28,44,592,7.42
0,10201.2,223427.88,0,10300,9.7,37,703,7.486
1,16946.88,489420.72,0,8600,12.94,23,613,6.769
1,8586,569790.84,0,9500,11.96,24,697,7.182
1,16362.36,668556.48,0,8500,24.08,24,740,6.735
1,5918.88,509942.4,0,8700,10.37,23,545,6.839
1,16257,400501.56,0,8100,7.51,26,710,6.584
0,6855.48,184995.24,0,9300,19.19,34,664,7.074
1,11473.8,529040.52,0,9600,2.69,33,522,7.214
1,11577.84,412689,0,10900,14.16,35,789,7.757
1,6631.56,606157.92,0,8800,19.22,27,898,6.871
1,4059.24,453206.88,0,8600,20.79,31,693,6.781
1,8509.44,528499.56,0,9900,7.96,50,571,7.315
1,11747.76,694068.6,0,9800,10.34,41,597,7.285
1,4452.12,188432.52,0,9300,21.23,28,680,7.091
0,18874.32,179162.16,1,10900,8.47,39,571,7.757
1,0,481802.64,0,8700,14.5,27,575,6.82
1,23573.76,468655.08,1,10300,17.02,32,694,7.495
1,6576.48,403267.8,0,6900,17.06,40,581,6.06
1,15084.72,408540.12,0,12400,18.96,40,796,8.41
1,14279.04,456202.68,0,8600,7.99,75,678,6.783
1,8252.16,472482.96,0,9900,6,27,714,7.33
1,10148.4,478794.12,0,9300,17.65,25,871,7.069
0,11492.16,236116.2,0,9000,12.81,46,800,6.933
1,2802.24,519913.32,0,7900,22.13,26,700,6.487
0,13523.4,171579.12,0,7700,20.82,28,880,6.417
0,5866.32,181913.88,0,8400,9.96,26,853,6.703
1,9214.8,531882.96,0,11700,18.25,28,644,8.085
1,6743.16,376662.12,0,11300,18.65,29,898,7.944
0,13107.24,209455.2,0,11300,3.77,25,717,7.92
1,861.48,383588.88,0,11300,9.14,48,773,7.924
0,22069.68,163504.8,0,11600,0,33,868,8.072
0,10512,269694.84,0,9300,9.78,43,540,7.068
1,6649.32,364284.36,0,9100,10.86,48,718,6.976
1,10695.84,527340.48,0,9300,2.32,29,786,7.062
1,5578.08,327898.8,0,6800,1.57,29,713,6.009
0,6762.48,288984.48,0,10900,19.46,38,874,7.764
1,18364.2,360045.84,1,8200,18,37,647,6.603
1,11886.84,500283,0,9000,2.87,37,711,6.948
1,7084.8,513230.4,0,9700,3.66,25,625,7.256
0,8581.92,253842.12,0,9800,0.65,23,768,7.304
1,18484.56,502224.96,0,7200,6.64,49,626,6.174
1,14919.96,499676.16,0,11100,4.64,48,500,7.839
0,2823.96,250916.4,0,10300,16.05,27,700,7.487
1,6339,592732.08,0,9200,3.6,32,663,7.018
1,7107,368774.4,0,8500,5.79,34,538,6.744
1,8462.4,512198.28,0,10000,10.44,58,695,7.354
1,5478.24,578349.36,0,8500,3.96,33,517,6.74
0,5648.64,216625.2,0,9400,2.4,28,815,7.134
0,18036.96,127204.92,0,10600,19.78,36,759,7.62
1,16355.64,530615.04,0,8800,12.1,40,792,6.858
1,10905.24,540394.2,0,9900,15.7,26,822,7.35
0,13161.84,193776.72,0,10300,14.04,33,516,7.486
1,4430.64,574021.08,0,12000,12.43,31,704,8.228
1,8080.8,603075.48,0,7800,8.17,27,808,6.461
1,12462,614077.68,0,6600,8.17,44,534,5.924
1,0,345155.04,0,7700,2.28,30,786,6.377
1,6326.28,389173.44,0,9200,5.56,28,605,7.023
1,9809.64,395693.16,0,10400,10.33,32,539,7.541
0,18588.48,236427.48,0,7800,7.47,46,522,6.423
0,6800.52,142247.4,0,17000,17.4,38,812,10.343
1,17952.72,299231.04,0,10300,6.81,46,860,7.485
1,10351.92,514137.96,0,9600,16.95,25,876,7.193
1,15109.8,375163.68,0,10700,6.72,46,762,7.671
1,12300.48,522120.6,0,8700,6.88,33,809,6.833
0,8439.36,177524.88,0,7900,14.07,22,595,6.475
0,12988.68,182104.32,0,10500,23.03,43,598,7.579
1,10925.4,528659.04,0,8700,13.28,27,763,6.829
0,11958.48,203947.92,0,11500,1.19,29,515,7.994
1,4245.36,702171.84,0,9700,21.93,31,508,7.23
0,9392.52,159603.6,0,10100,24.71,29,820,7.431
1,20599.2,612682.44,0,10400,10.36,36,529,7.547
0,6034.8,181847.64,0,7800,13.46,36,592,6.458
1,12401.64,710447.64,0,8700,4.28,34,545,6.842
1,0,419104.44,0,8200,0,37,830,6.625
0,13044.96,231165.24,0,8800,16.68,36,710,6.875
1,12566.88,526797.12,0,7900,4.05,40,551,6.48
1,12683.16,460414.44,0,9200,6.14,25,715,7.043
0,11750.64,312130.68,0,9800,2.45,27,802,7.29
0,10173.84,191743.56,0,7800,8.71,26,871,6.419
1,9381.24,611505.48,0,7300,11.28,36,557,6.223
0,4829.88,190848.72,0,9600,5.82,27,879,7.224
1,2456.88,210411.48,0,7900,22,55,743,6.487
0,24272.04,220040.88,0,8900,7.16,27,572,6.924
1,8987.28,530239.44,0,10300,2.69,38,699,7.508
1,10059.36,431009.88,0,9300,20.72,34,538,7.059
1,4632.24,536328.36,0,10300,0,40,617,7.482
1,9748.8,595477.2,0,10200,17.04,49,761,7.444
0,21719.16,83821.68,0,9300,18.65,27,711,7.072
1,0,364326.6,0,10300,1.72,23,640,7.501
0,15938.16,296261.64,0,8300,13.42,36,665,6.639
0,17579.28,320600.28,0,10500,8.66,53,667,7.586
1,14406.84,476624.28,0,11000,17.01,46,834,7.791
1,11876.28,334278.96,0,10000,1.21,29,829,7.394
1,10448.76,426471.24,0,10400,14.26,29,871,7.566
0,14410.2,238197.96,0,11100,9.95,27,661,7.853
0,17145.96,278456.16,0,10300,18.08,24,661,7.507
1,0,407415.48,0,8700,21.88,28,664,6.801
0,4313.52,261399.24,0,8700,0.85,32,896,6.839
1,3188.16,490353,0,8700,13.73,43,856,6.815
1,12333.24,532882.08,0,9000,9.48,41,603,6.936
1,8748.6,420505.56,0,8300,8.16,34,627,6.671
1,12513.6,310405.8,0,20000,0,55,715,11.613
1,2762.76,454507.32,0,8900,4.58,40,595,6.919
1,4409.64,367335.24,0,11100,9.99,37,861,7.86
0,8852.52,250365.6,0,10300,2.36,40,851,7.514
1,219.12,364193.52,0,9100,19.32,28,660,6.975
1,15093.12,370017.24,0,8500,7.67,43,767,6.738
1,5466.24,490888.8,0,7800,14.06,27,656,6.429
1,683.64,425501.76,0,8900,14.03,28,875,6.891
0,8687.16,146556.48,0,10100,15.53,30,778,7.432
1,7348.56,496557.24,0,9800,14.03,31,652,7.301
0,14642.16,183697.56,0,8500,17,31,577,6.744
1,14668.2,388360.44,0,9600,18.96,34,869,7.192
1,13985.88,572210.64,0,9800,10.13,30,758,7.287
1,19713.84,562283.4,1,9800,12.5,36,701,7.28
1,11330.04,673064.16,0,8700,16.87,29,775,6.836
1,8995.32,497087.28,0,9700,0,39,893,7.25
1,4444.56,374772.12,0,7700,5.93,26,870,6.392
1,23899.8,505600.44,1,9900,7.76,29,785,7.339
1,9287.04,534748.08,0,8300,17.2,26,779,6.645
0,9807,245770.68,0,10600,3.69,29,565,7.62
1,12728.64,603125.52,0,8300,1.33,31,792,6.652
1,18605.4,675282.12,1,9700,5.12,26,753,7.236
0,5453.64,181109.28,0,7800,6.06,26,838,6.442
0,15074.88,213414.72,0,9700,16.06,36,769,7.237
1,17812.8,440775.72,0,11200,2.73,30,851,7.87
0,12605.76,151939.32,0,11300,10.37,43,517,7.911
1,11836.8,545165.64,0,8700,19.76,58,852,6.829
1,8608.08,531196.56,0,8300,14.65,45,587,6.662
1,8305.68,564457.08,0,7600,18.98,26,694,6.36
1,15946.68,416520.72,1,10500,14.84,34,781,7.578
1,8081.64,395160.84,0,8600,17.95,24,729,6.78
1,2623.68,587896.8,0,9000,7.11,34,597,6.959
1,14618.04,527451.36,0,10200,2.14,23,640,7.468
0,162.24,231870.6,0,8000,4.83,30,719,6.529
0,6377.76,260718.72,0,8800,13.1,32,744,6.867
1,1986.48,401237.52,0,8700,13.1,40,768,6.806
0,16222.2,310686,0,10700,7.93,35,770,7.663
1,1287.36,649727.52,0,10200,20.06,56,850,7.466
1,11366.28,427249.44,0,9200,0.33,61,598,7.051
0,5214.72,177751.8,0,9800,15.84,24,818,7.289
1,12240.84,449506.56,0,10000,21.84,40,614,7.376
1,7947.72,379174.8,0,9000,2.89,32,604,6.962
0,9053.04,249212.16,0,10500,9.58,36,892,7.596
1,3473.88,532954.8,0,9300,19.05,30,804,7.082
1,2376.48,435251.28,0,12800,14.17,34,737,8.572
0,6192.72,199380.24,0,10400,21.33,54,888,7.555
1,8370.72,501064.8,0,9900,7.59,46,543,7.329
0,6027.84,203369.04,0,8700,23.04,58,547,6.84
0,17516.28,186905.04,0,9600,11.9,43,571,7.199
1,8604,413019.12,0,9900,19.86,28,803,7.335
0,12455.64,219888.36,0,8500,20.09,30,639,6.724
1,8076.24,356831.52,0,10000,0.38,31,869,7.364
1,4463.04,493197.24,0,7700,17.94,29,621,6.412
1,1069.56,667255.32,0,10000,14.82,37,715,7.372
1,15279.36,490743.36,0,9500,0,36,774,7.169
1,7208.64,224166.24,0,10200,19.15,28,651,7.465
1,10860.48,488541.6,0,10400,12.58,25,728,7.555
1,12737.28,653244.12,0,8200,16.74,42,618,6.612
1,20071.68,556017.48,0,6700,5.06,29,574,5.972
0,10604.4,237001.08,0,9600,0,73,505,7.189
1,4485.36,647234.88,0,10400,4.67,43,773,7.531
1,15453.6,628591.92,0,9300,19.29,30,716,7.075
1,14756.88,584879.16,0,8200,12.5,38,798,6.629
0,6127.32,269484.6,0,9100,11.59,39,807,7.01
1,9307.56,326470.32,0,12000,6.31,44,530,8.227
1,13835.76,602478.96,0,8200,15.82,29,729,6.604
0,15643.92,95832,0,7800,13.04,51,815,6.448
1,20103.36,338934,0,9700,13.12,27,703,7.256
1,4779.36,360021.6,0,9600,16.49,38,668,7.204
0,8878.8,300286.44,0,9800,9.79,22,611,7.311
1,2717.04,384224.52,0,8100,9.96,30,814,6.564
1,14607.84,302083.44,0,8800,15.38,25,843,6.88
1,7677.84,358824,0,11000,1.78,29,845,7.8
0,10598.04,152609.88,0,7000,16.54,42,635,6.099
1,27.48,458238.24,0,7600,16.2,41,824,6.358
1,5035.68,671615.88,0,9400,15.11,48,519,7.112
0,18529.68,133230.36,0,9100,14.32,29,559,7.012
1,13212.24,385836.12,0,10100,24.84,52,633,7.41
1,20407.2,365867.76,1,10100,10.14,25,621,7.397
1,3741.84,579612.72,0,10600,15.46,37,837,7.637
1,5313.96,660889.56,0,9300,8.78,27,779,7.068
1,8745.72,214914.96,0,11000,11.37,31,847,7.818
1,3346.56,446264.04,0,7400,21.8,23,885,6.29
1,9104.4,439511.88,0,11000,0.63,38,584,7.786
1,7444.08,273644.88,0,8600,7.07,32,630,6.795
0,22682.04,220829.52,0,9300,22.57,27,589,7.088
1,0,347417.4,0,8400,24.79,41,714,6.71
0,15950.4,278208.24,0,9500,7.56,35,723,7.154
1,12910.32,529543.56,0,11700,10.1,31,654,8.094
1,7422.36,659483.88,0,9800,10.14,30,724,7.303
1,13333.08,329602.68,0,9800,7.26,48,540,7.274
1,10368.48,550583.16,0,10600,9.2,36,856,7.634
1,10742.76,582149.52,0,9900,20.42,24,527,7.329
0,11448.36,262902.36,0,9200,16.07,29,605,7.042
1,11371.56,561762.24,0,9700,4.8,38,738,7.257
1,3207.6,277415.16,0,7100,2.42,38,811,6.148
0,16401.72,286958.52,0,9700,16.51,30,546,7.245
1,7496.76,459902.04,0,8900,17.11,32,569,6.915
1,164.16,302659.68,0,9100,16.75,49,806,7.003
1,9430.44,537336.24,0,9200,16.37,31,537,7.016
0,16237.08,227202,0,9000,18.58,27,759,6.942
1,5763.84,306639.12,0,13200,5.24,33,734,8.722
1,0,354087.72,0,8200,21.01,25,517,6.599
0,14663.64,215002.32,0,9000,8.88,27,547,6.952
0,14219.28,301305.12,0,10600,8.98,29,594,7.629
0,5742.84,330148.08,0,9200,1.88,36,853,7.041
1,2660.28,417433.2,0,9200,15.5,55,538,7.017
1,6940.68,492649.68,0,9000,15.93,32,836,6.966
0,16337.52,234923.52,0,9700,12.85,27,658,7.266
0,11734.2,236783.52,0,11800,19.52,37,670,8.129
1,14213.16,442649.28,0,7700,8.22,25,800,6.389
0,13424.4,262181.28,1,10100,10.61,23,884,7.413
1,13429.2,446694.84,1,9000,11.29,23,583,6.966
1,9316.2,375953.76,0,9700,15.74,32,633,7.236
1,15867.6,621508.8,0,9300,2.7,26,666,7.069
1,10536.36,329263.08,0,11100,12.28,27,742,7.835
1,15220.56,203054.16,0,9000,5.25,44,640,6.945
1,0,391336.44,0,9900,23.89,34,512,7.351
1,0,447150.84,0,9000,2.1,28,508,6.952
0,4401.48,309996.72,0,7800,1.03,53,699,6.423
1,8970.72,478785.24,0,5200,17.08,42,581,5.34
1,21447.48,449989.08,0,11100,9.25,30,723,7.829
0,23153.4,179945.88,0,10600,10.04,51,692,7.648
1,11845.68,335535.84,0,6900,0.58,53,522,6.063
0,10276.32,249098.52,0,9300,24.22,37,830,7.091
1,13213.8,217846.08,0,9800,15.28,26,877,7.279
1,8450.16,378191.76,0,8700,16.75,42,614,6.829
1,6667.44,490052.76,0,9400,21.33,39,706,7.129
1,12882,537169.32,0,9600,3.68,39,546,7.215
1,13514.64,394111.8,0,13500,13.28,32,858,8.848
0,7797.24,188499.6,0,8900,9.6,41,727,6.914
1,11731.92,524922,0,7400,4.88,48,626,6.263
1,12598.68,511650.12,0,9800,19.71,38,620,7.276
0,16602.84,189172.2,0,7300,12.86,36,580,6.24
0,13145.64,168782.04,0,8000,0.22,26,698,6.53
1,13072.44,362695.2,0,9200,15.38,28,609,7.027
1,7262.64,261507.84,0,8500,18.15,56,623,6.728
1,12406.68,591144.6,0,9500,11.93,59,544,7.167
1,19256.64,458243.88,0,7500,11.25,38,645,6.301
1,9915.96,296156.64,0,7300,13.42,32,620,6.233
0,14113.8,200048.16,0,9400,1.54,38,657,7.11
0,15300.24,239245.2,0,11000,19.71,41,652,7.801
0,15483.36,282467.28,0,10000,11.02,35,860,7.367
1,13601.64,616974,0,11000,9.37,41,712,7.805
1,10048.92,448805.88,0,9600,13.99,34,787,7.21
0,4548.96,219364.44,0,20800,15.12,38,866,11.985
0,13610.04,149440.32,0,9000,6.61,32,513,6.946
1,0,469440.96,0,9600,6.02,29,737,7.195
1,17894.04,712732.56,0,9700,7.16,44,694,7.238
0,20344.32,114995.28,0,10800,14.38,37,501,7.715
1,8466.84,655070.88,0,9400,4.68,38,876,7.126
1,2870.28,404918.76,0,10900,3.04,31,771,7.758
0,14204.52,149143.32,0,9500,8.53,40,898,7.164
1,10785.12,459204.96,0,10500,9.05,26,815,7.606
0,18291.48,140635.08,0,8000,17.47,28,736,6.525
1,9324.24,421380.24,0,10300,14.08,48,885,7.493
1,16737.6,312899.16,0,9100,12.57,43,760,7
0,0,245713.92,0,9400,5.91,31,514,7.133
1,750.84,575361.24,0,10700,11.2,42,678,7.676
1,23777.4,337534.8,1,8000,14.57,39,843,6.522
1,6168.6,600639.12,0,8500,4.84,36,597,6.732
1,8673.48,644570.28,0,9900,3.92,34,698,7.312
1,1834.44,404602.32,0,11000,4.74,32,536,7.785
1,3518.16,424683.48,0,9600,17.78,43,875,7.216
1,0,463363.44,0,10100,5.57,30,537,7.413
0,7744.44,214540.32,0,9900,7.65,28,523,7.335
0,18181.8,312561.24,0,9800,6.32,28,822,7.301
0,9209.28,226157.88,0,8700,18.52,41,703,6.804
0,5902.56,260582.76,0,10000,1.49,47,638,7.377
1,0,496673.28,0,11300,18.14,23,619,7.913
1,0,415073.88,0,8100,14.77,49,671,6.56
1,6109.92,481591.92,0,9700,0.83,38,580,7.248
0,11587.08,197281.2,0,7600,3.19,38,512,6.364
0,22422.48,245875.2,0,10300,22.25,35,828,7.483
1,4842,501645.36,0,8800,7.08,46,588,6.872
1,7117.68,452051.28,0,10000,15.82,33,822,7.391
1,0,534574.44,0,8000,17.33,53,730,6.533
1,8907.48,472406.28,0,10100,7.37,35,858,7.422
0,13321.2,156163.32,0,11300,18.35,43,815,7.945
1,9258.6,593284.8,0,9900,17.66,28,597,7.346
1,7492.08,509913,0,12100,12.05,30,731,8.263
0,5999.52,274619.4,0,9800,7.74,26,646,7.303
1,13063.68,727800.48,0,9000,10.8,31,563,6.955
1,18677.88,596036.04,0,8700,1.95,35,525,6.824
0,9564.96,282704.16,0,10200,8.4,28,585,7.454
1,4991.88,458588.16,0,8800,0.86,23,783,6.853
0,6458.76,321996.48,0,10600,6,23,782,7.638
0,14183.16,253032.96,0,11000,2.54,56,540,7.784
0,10032.24,111261.48,0,11200,16.17,32,761,7.875
1,1253.28,563136.12,0,9100,3.84,47,784,6.992
1,6770.52,638359.44,0,9000,9.14,22,725,6.951
0,9654.48,301097.52,0,8900,11.12,34,657,6.924
1,12347.4,254619.6,0,7100,5.73,31,752,6.149
1,8985,107806.32,0,8700,22.45,27,715,6.816
1,799.56,344831.64,0,8300,13.4,28,756,6.654
1,5433.6,576410.88,0,9700,12,42,834,7.255
0,9581.52,332688.84,0,17000,2.7,32,557,10.357
0,23302.8,281605.56,0,8800,4.56,27,833,6.849
1,17353.2,275957.16,0,8500,15.14,27,585,6.75
1,9132.72,738960.36,0,9800,0.6,45,880,7.299
1,16202.04,517769.52,0,9100,9.82,26,616,6.991
1,4571.4,443320.32,0,9800,14.45,21,727,7.299
0,19234.2,190877.64,0,8600,12.7,23,654,6.786
1,1771.32,451062.72,0,7700,13.16,30,561,6.382
1,0,435396.96,0,8800,0.43,46,791,6.847
0,8796.84,225818.04,0,7500,11.89,50,613,6.293
0,12993,313156.08,0,9800,2.32,26,884,7.271
1,9355.92,489653.76,0,8700,0.5,25,570,6.822
1,11929.92,783048.96,0,9800,23.29,35,805,7.289
1,9230.16,600849.36,0,10800,22.4,44,899,7.699
0,8209.2,59822.04,0,9500,10.06,52,890,7.164
1,5310.72,334781.64,0,11000,24,40,545,7.795
1,20604.84,460906.68,1,7000,20.11,38,720,6.111
1,0,435630.36,0,9400,3.29,28,775,7.112
1,13108.2,536604.12,0,10500,11.13,36,722,7.588
1,5967.96,421761.6,0,9600,0,24,526,7.208
0,13796.16,202892.4,0,8500,5.17,34,553,6.746
1,17582.52,704399.76,1,10600,9.17,31,561,7.631
1,6783.84,501475.32,0,9900,16.92,41,845,7.322
0,11065.68,146690.28,0,7100,20.12,25,815,6.144
0,2107.2,138120.72,0,10200,15.51,28,513,7.449
1,12299.4,596106.72,0,9400,10.74,27,569,7.141
1,7162.68,649099.44,0,9800,4.62,52,898,7.27
1,9004.92,637018.92,0,7800,24.31,41,719,6.435
0,9490.44,170207.64,0,10700,12.14,56,596,7.679
1,1347.96,508632.6,0,7700,18.88,42,879,6.392
0,8860.68,193119.36,0,7300,10.71,24,814,6.234
1,13894.32,653037.72,0,10300,20.63,47,750,7.506
1,14558.88,541794.24,0,9000,20.69,33,848,6.933
1,16075.56,499872,0,10000,7.8,32,549,7.361
1,7059.72,678251.52,0,9600,5.76,29,709,7.211
1,8661.72,676508.64,0,10000,11.86,53,735,7.379
1,8169.84,526121.64,0,9400,0.4,34,829,7.105
0,9784.92,144861.12,0,8000,20.15,52,546,6.534
1,12510.12,446041.32,0,11000,14.8,42,633,7.785
0,7959,245455.44,0,10700,10.51,38,547,7.689
0,17743.44,216317.64,0,9400,24.72,45,818,7.105
1,4053.12,403866.84,0,10300,15.81,35,776,7.502
0,15282.6,277519.68,0,9000,1.46,24,728,6.97
1,1370.16,594755.88,0,11400,16.26,28,857,7.961
1,0,627547.2,0,10200,12.02,26,881,7.453
0,18195.84,316531.08,0,12300,8.29,40,899,8.361
0,10777.32,289977,0,8200,12.63,29,629,6.602
1,9487.08,578635.08,0,8500,6.08,23,669,6.754
1,0,348872.64,0,10200,11.37,33,806,7.47
1,15278.88,589637.64,0,8200,22.67,60,680,6.614
1,15350.4,432757.32,0,12100,15.72,49,774,8.256
0,8792.64,174825,0,11600,4.04,53,565,8.049
1,21162.96,554724.84,1,9200,19.23,28,654,7.021
0,15365.04,195730.92,0,9700,4.95,31,556,7.226
1,18359.28,442954.8,0,9100,11.8,36,500,6.978
0,4145.64,219017.88,0,9400,21.9,35,686,7.132
1,2375.88,404687.88,0,10200,20.73,28,811,7.441
0,21251.64,191706.48,1,9000,3.22,33,630,6.931
0,7672.44,204444.6,0,9000,13.11,26,726,6.952
1,2865.72,282320.52,0,10000,0.22,53,535,7.392
1,4686.72,544060.32,0,10300,13.16,42,653,7.505
0,9962.04,233719.08,0,11800,15.6,25,745,8.16
0,16546.56,259362.96,0,8500,14.45,43,626,6.726
1,2908.8,448373.04,0,10400,23.96,25,797,7.525
1,14838.6,434537.88,0,7400,3.35,29,697,6.263
1,12765.24,418971.36,0,10300,0.91,31,536,7.485
1,1523.04,405829.68,0,10100,5.43,30,763,7.414
1,9101.64,456217.8,0,9000,11.69,34,636,6.959
1,10907.16,825106.56,0,7400,8.72,35,684,6.271
1,6702.24,555569.16,0,11200,14.8,32,535,7.875
1,21830.88,443634.6,0,8300,11.3,46,723,6.666
0,13328.16,231930.96,0,9200,2.6,43,617,7.024
1,8678.88,521508.12,0,9700,13.19,29,827,7.266
1,11664.36,222131.4,0,8400,13.16,31,616,6.675
1,8352.12,488897.04,0,10200,0.72,24,766,7.464
0,14139,352351.2,0,8700,20.09,36,887,6.826
0,3954.72,232461.72,0,10500,14.58,43,777,7.608
0,9510.36,174555.6,0,9300,11.18,59,672,7.082
1,14952.48,404300.64,0,19300,0,53,623,11.343
1,7101.12,500043.12,0,7200,0.32,28,623,6.169
1,2928.96,298251,0,10100,15.44,31,518,7.432
1,12462.6,599338.44,0,8700,20.53,34,573,6.841
1,8148.84,593862.72,0,9100,8.6,36,690,7.014
1,12737.04,487022.64,0,11200,9.8,24,843,7.876
0,15218.88,142974.96,0,10800,6.95,36,553,7.708
0,11466.36,176840.64,0,9500,1.79,34,501,7.175
1,13389.84,334593.72,0,10700,5.77,43,658,7.661
0,7213.92,264350.28,0,8200,8.61,29,525,6.622
1,13171.2,627437.16,0,10100,7.47,37,816,7.397
1,12513.36,551795.64,0,11400,15.72,23,829,7.97
0,15857.28,103489.32,0,8500,6.4,37,527,6.728
1,12628.68,451651.92,0,9900,20.93,33,783,7.344
1,8255.4,331248.96,0,9800,15.1,37,640,7.302
0,6797.52,297939.24,0,7800,9.86,56,500,6.434
1,9232.92,420854.04,0,11000,21.32,25,581,7.798
1,11461.68,316475.88,0,8600,2.74,39,893,6.767
1,7720.92,343921.68,0,10100,6.82,39,797,7.411
1,0,512943.6,0,9300,8.56,28,880,7.074
1,5251.68,544608.6,0,9800,2.7,27,735,7.273
1,15346.44,416078.04,0,8300,18.55,37,608,6.656
1,19672.68,367497.36,0,10700,10.86,24,892,7.68
1,10699.68,437649.96,0,8000,3.4,24,574,6.528
0,3797.52,225767.28,0,9500,5.37,46,707,7.144
1,7475.16,586494.72,0,10300,21.94,39,686,7.521
1,1287.36,507447.6,0,9800,5.54,48,607,7.298
0,11886.48,148781.88,0,10700,18.72,45,561,7.663
1,0,547920,0,8300,6.62,49,828,6.645
1,0,397439.52,0,10200,20.71,23,817,7.47
1,7094.64,423453.84,0,9200,3.75,25,640,7.051
0,11136.72,253462.08,0,10200,14.9,47,889,7.445
1,3655.2,489431.88,0,7800,7.5,56,858,6.428
1,2831.28,376038.12,0,10900,0.81,44,775,7.756
0,13296.6,130238.76,0,8100,6.4,49,516,6.553
1,8247.72,294765.12,0,8100,11.13,41,585,6.562
1,722.28,478378.32,0,10700,4.19,40,581,7.666
1,0,415787.64,0,8800,19.67,31,634,6.882
1,3274.68,704766.84,0,9000,11.01,42,873,6.933
1,18380.64,527164.8,1,8100,0.81,28,862,6.556
1,11395.32,572430.84,0,9700,10.25,32,692,7.232
1,6743.04,420966.96,0,10100,15.08,28,846,7.413
1,5617.56,302776.2,0,10000,1.61,31,519,7.389
0,11917.32,146591.4,0,10700,18.16,39,799,7.674
1,0,375776.4,0,10500,17,31,810,7.587
0,9113.76,152528.64,0,9100,24.68,24,679,6.984
1,16089.48,437282.76,0,9900,11.35,44,688,7.33
0,18257.52,182525.64,0,9300,1.67,46,558,7.068
1,1604.88,365484.24,0,9200,20.04,32,618,7.045
1,9362.04,619882.44,1,10000,8.94,26,730,7.362
1,10079.04,274617.48,0,8900,9.39,22,652,6.91
1,10962.12,440050.2,0,9800,0.13,42,723,7.305
1,11098.56,428551.68,0,9000,2.9,33,769,6.936
1,14373.96,655827.72,0,8600,18.2,39,703,6.792
1,590.52,365413.8,0,8700,20.96,27,575,6.809
1,11648.64,580651.8,0,6500,8.92,28,624,5.876
1,9396.72,648989.04,0,9500,19.37,23,715,7.181
0,5580.72,244548.72,0,9300,13.33,28,618,7.097
1,0,472053,0,9100,9.63,33,817,6.998
0,8787.12,263832.6,0,11800,12.32,40,825,8.141
1,6913.08,452156.4,0,9800,5.99,37,824,7.272
0,7067.88,195718.56,0,8400,10.05,22,572,6.708
1,10357.68,525353.76,0,9900,10.03,32,879,7.331
1,10290.96,596104.44,0,8600,17.56,43,549,6.763
1,4338,404098.68,0,8600,0.83,27,571,6.796
1,10693.92,432277.08,0,12900,19.93,35,708,8.612
1,11017.44,536862.72,0,8700,15.83,35,803,6.835
1,16020.36,253810.32,0,11500,14.02,30,773,8.032
1,5056.8,478482.24,0,10200,17.28,34,867,7.469
0,8923.68,226607.64,0,8400,7.44,34,680,6.713
1,9284.88,502469.88,0,11400,10.42,28,880,7.971
1,8776.68,543022.56,0,10800,10.37,25,663,7.711
1,11570.28,435964.68,0,7700,6.74,41,502,6.401
0,4200.24,211886.04,0,8600,12.94,42,583,6.766
1,14479.92,445507.08,0,9500,14.68,40,831,7.17
1,12623.4,634658.28,0,10300,9.52,28,539,7.51
1,5457.12,546866.04,0,8700,21.96,31,869,6.805
1,11192.04,513103.2,0,10000,24.03,56,583,7.367
1,6429,435113.52,0,9600,9.31,45,875,7.207
1,2901.72,494234.16,0,8200,0.86,29,556,6.596
1,12318.12,504506.04,0,8400,3.89,35,855,6.709
0,2252.16,219345.96,0,12300,15.5,28,695,8.364
1,2370.48,703763.16,0,8600,13.48,40,706,6.784
1,7028.52,519460.8,0,9200,2.61,47,822,7.04
0,23364.24,145764.6,0,8700,12.12,41,617,6.827
1,9954.6,476610.48,0,11000,13.5,27,534,7.797
1,2363.28,425861.4,0,10700,17.39,40,766,7.691
1,7102.32,377265.36,0,9400,17.82,32,640,7.12
1,0,476905.32,0,10400,2.1,35,647,7.529
0,12099.48,143271.6,0,8700,8.86,27,525,6.818
0,12626.76,208929,0,7900,2.34,29,656,6.472
1,3980.16,597074.04,0,11400,10.01,30,720,7.989
1,10957.32,352975.8,0,8600,0.57,37,623,6.776
0,6736.68,260967.12,0,9700,6.15,29,718,7.229
1,2963.52,572314.68,0,9900,5.88,34,846,7.349
1,6947.76,555656.64,0,10900,9.21,34,556,7.772
1,6693.72,748234.2,0,9200,8.63,41,864,7.035
0,9459,125018.16,0,10100,7.15,31,867,7.402
1,12729.72,470088.72,0,9300,21.28,40,659,7.088
0,14974.92,237800.64,0,9200,0.8,27,757,7.033
1,14212.32,411119.88,0,7100,18.8,22,580,6.139
1,12294.96,396858.6,0,10300,14.51,30,873,7.508
1,12963.48,520414.8,0,10000,4.08,22,717,7.384
1,6483.36,315205.92,0,9600,23.31,26,845,7.2
1,17386.08,406028.88,0,12000,22.38,38,845,8.205
0,6734.28,329053.32,0,9900,0,46,756,7.323
1,14297.76,360486.84,0,9300,11.96,24,778,7.062
1,6781.68,458430.96,0,8500,20.45,49,795,6.75
1,5795.76,430142.28,0,9600,8.79,49,744,7.203
1,11404.2,449835,0,8400,1.63,42,877,6.688
0,4208.4,254824.32,0,9500,10.9,30,833,7.174
0,18612.24,228330.12,1,10500,17.07,42,762,7.588
1,11779.2,452974.92,0,10600,16.47,31,599,7.637
1,17305.56,131059.44,0,7500,0,49,728,6.326
1,12724.08,679287,0,9500,14.08,27,556,7.149
1,13858.68,741532.2,0,10200,5.28,33,720,7.442
0,6529.68,240681.96,0,9200,5.91,35,556,7.05
1,13646.16,331067.16,0,7300,21.2,48,749,6.229
1,4968.96,573737.04,0,9000,14.82,22,864,6.939
0,5232.12,210053.4,0,9100,10.49,22,724,6.976
1,11853.72,309719.76,0,9700,18.93,27,544,7.239
1,8152.68,559242.6,0,9800,12.12,47,723,7.308
1,16533.24,619599.96,0,9400,1.2,34,614,7.134
1,10281.72,389245.56,0,8200,12.38,45,778,6.602
1,12440.16,539085.6,0,11500,9.92,39,646,7.994
1,0,561921.6,0,9000,14.4,33,710,6.965
1,11537.64,623241.12,0,19600,4.8,29,704,11.442
1,3311.88,427473.96,0,8700,1.55,29,663,6.81
1,5120.28,369232.08,0,8700,0.62,26,714,6.838
1,3483,554569.92,0,9600,2.43,38,730,7.205
1,11219.64,507909,0,8500,19.43,34,706,6.738
0,8027.88,316104.6,0,9500,5.17,37,811,7.163
0,24056.76,325638.48,0,10000,23.37,57,698,7.367
1,15754.44,359259.12,0,9600,5.97,50,558,7.196
0,7947.24,181104.6,0,10500,14.99,28,636,7.578
1,6295.68,433450.68,0,9100,9.38,31,604,6.977
0,14551.08,252700.2,0,9700,6.04,25,894,7.243
1,11535.84,363489.72,0,9700,11.6,25,618,7.258
0,18051.48,167582.28,1,9200,5.19,33,736,7.055
0,7363.92,300485.88,0,10400,6.46,30,541,7.532
0,14800.08,160824.84,0,10400,4.92,51,607,7.549
1,14656.68,443535.84,0,7700,19.61,51,617,6.397
1,14604.72,555081.36,0,7300,10.94,46,724,6.238
1,7545.12,518462.16,0,11000,8.81,38,865,7.805
0,9829.2,191495.28,0,8900,10.78,34,664,6.927
0,10121.88,152520.36,0,11800,13.09,34,675,8.146
1,14082.72,349696.44,0,9000,5.31,31,583,6.964
0,14347.08,159955.2,0,9900,13.51,25,733,7.336
1,14434.56,147457.56,0,11200,7.25,26,527,7.871
1,298.44,351803.64,0,8800,8.32,25,613,6.876
1,10238.88,353808.6,0,9000,8.55,26,649,6.967
1,4785.36,482686.92,0,9600,20.66,43,615,7.215
0,18254.04,217798.68,0,10500,6.9,36,646,7.586
0,13922.64,191292.6,0,9200,22.75,58,607,7.053
1,11827.32,599381.64,0,9900,9.22,26,539,7.35
1,7005.84,458591.52,0,8500,18.78,30,545,6.722
0,7664.28,217779.6,0,9200,2.52,31,848,7.053
1,4620,304568.4,0,10800,24.61,24,786,7.718
1,12609.12,378706.8,0,11100,10.56,52,560,7.85
0,22463.28,216929.88,1,7700,12.23,24,771,6.379
1,9525.12,421892.88,0,9200,12.72,35,699,7.039
0,7099.92,261486,0,9100,19.36,29,505,6.994
1,5033.76,288018.12,0,10900,21.48,33,786,7.737
0,6171.36,218225.76,0,10400,5.48,35,626,7.538
1,12334.8,258619.32,0,8900,14.82,35,569,6.896
0,12356.16,191727.84,0,8800,16.08,28,787,6.844
0,11443.56,220356.84,0,9600,6.11,40,801,7.214
0,17560.08,138949.92,0,9300,23.45,35,743,7.076
1,14069.52,416281.68,0,9700,2.65,53,574,7.266
0,6579.24,144585.84,0,10700,2.81,44,641,7.679
1,21034.56,579001.2,0,10300,15.63,33,784,7.492
0,6671.04,286916.52,0,9600,4.42,32,785,7.216
0,18731.16,163458.84,0,10300,21.78,33,858,7.488
0,10078.56,202600.08,0,8600,5.22,26,617,6.776
0,13353.84,163618.92,0,9500,9.81,26,673,7.147
1,15711,519336.72,0,9100,13.16,26,682,6.984
1,11287.08,498725.64,0,9300,13.4,32,597,7.077
1,12231,494344.44,0,10400,7.99,31,834,7.541
1,5204.04,394856.4,0,9300,6.47,29,630,7.074
1,12181.44,504605.64,0,9600,7.72,27,884,7.205
1,902.16,633191.76,0,8200,20.44,28,876,6.602
1,12603.84,475027.44,0,9400,0.83,42,665,7.107
1,586.92,421862.04,0,10400,18.23,32,628,7.532
1,20659.8,578833.56,0,9000,12.88,26,873,6.936
1,19288.2,584410.2,0,8700,17,38,860,6.805
1,14165.4,526973.04,0,9500,14.54,35,745,7.168
1,7318.56,490511.4,0,9500,21.83,29,501,7.147
0,12650.4,233291.64,0,8800,8.91,29,582,6.881
0,9525.84,228888.36,0,7800,9.37,51,716,6.437
1,10556.16,360256.56,0,10800,14.64,27,884,7.707
1,14851.8,349814.76,0,8000,11.73,32,715,6.507
0,16953.12,218813.52,0,8800,13.28,40,832,6.87
0,14096.64,156309.24,0,7600,14.26,34,818,6.349
1,4360.08,531909.48,0,8200,18.76,30,550,6.629
1,11033.88,539138.16,0,9500,3.17,29,513,7.162
0,14340.72,259783.92,0,8900,21.04,22,809,6.928
0,9529.68,188661.6,0,7400,1.73,48,871,6.27
1,122.28,405321.96,0,9900,13.28,35,607,7.338
1,0,372998.64,0,8800,24.89,37,797,6.844
0,5982.12,203611.44,0,10000,23.05,25,581,7.366
0,14725.92,221513.04,0,7700,12.27,44,528,6.396
1,22831.32,640728.96,1,6900,15.84,28,803,6.07
0,12710.4,140908.56,0,9500,18.72,29,534,7.16
0,5403.72,254131.32,0,8600,11.75,36,732,6.784
1,5022.48,660032.76,0,8600,1.52,23,544,6.784
1,12845.76,395272.44,0,9000,17.6,36,639,6.931
1,15681.24,679687.56,0,9600,21.77,26,590,7.202
0,15784.08,101174.16,0,8100,7.06,37,693,6.589
1,894.36,229755,0,8100,24.04,44,727,6.551
1,793.8,467125.44,0,9000,1.39,39,876,6.934
1,677.04,650608.08,0,8900,8.86,24,881,6.906
1,12679.2,301486.32,0,7700,0.79,29,694,6.388
1,3110.88,616264.44,0,10800,20.68,33,844,7.723
0,13724.28,282010.8,0,8300,12.05,39,509,6.659
0,0,188184.84,0,10000,17.1,51,765,7.362
1,10533.48,362876.64,0,7400,6.86,24,529,6.274
1,11028.96,543786.72,0,8900,8.65,45,782,6.888
1,1139.16,326555.4,0,10400,12.81,30,780,7.547
1,4000.44,352957.8,0,9500,8.13,51,890,7.154
1,2374.92,371654.4,0,8700,15.32,24,867,6.82
1,7498.92,492570.72,0,10300,13.33,50,646,7.519
1,1659,652878,0,8700,15.99,22,541,6.803
1,9450.6,554226.6,0,9000,2.24,27,821,6.95
1,12371.16,435255.96,0,9500,14.69,33,732,7.176
1,12597,361910.52,0,9500,3.42,24,568,7.15
1,0,428867.88,0,8200,13.88,37,849,6.598
0,13560.72,221605.2,0,11100,8.11,58,875,7.829
1,9546.48,615637.68,0,9200,3.98,48,780,7.021
0,18043.2,224527.32,0,11200,9.52,28,858,7.905
1,5233.68,552859.92,0,10300,23.09,24,577,7.509
1,9608.52,435773.28,0,9600,4.24,27,787,7.198
0,22572.6,198965.4,1,9100,7.31,30,828,7.004
0,17345.52,223591.44,0,9200,13.47,23,561,7.035
1,13993.2,287932.8,0,8200,5.36,53,633,6.6
1,1965,467640.36,0,7500,11.97,23,771,6.315
1,0,556245.6,0,10300,7.84,55,843,7.523
1,15864.6,573770.04,0,9500,9.81,34,866,7.172
1,15402.24,738308.4,0,10700,8.75,43,688,7.684
1,12010.8,516708.6,0,9400,18.59,22,598,7.122
1,2998.32,571225.44,0,9300,6.25,31,627,7.075
1,6002.64,467892.12,0,10700,8.42,32,686,7.666
1,6817.08,436493.16,0,9400,20.84,33,856,7.128
0,12565.08,164571.36,0,8000,22.27,39,563,6.526
0,2240.04,191719.68,0,9800,21.06,38,691,7.298
1,9393.36,470692.92,0,9000,19.39,34,899,6.943
1,4662.6,216093.96,0,9100,4.18,42,706,6.999
0,10110.84,207354.24,0,10300,21.92,37,669,7.487
1,6673.44,530374.92,0,8600,2.1,57,743,6.77
1,14814.96,577349.76,0,8900,17.78,23,843,6.905
1,4954.68,505478.64,0,10500,12.86,32,803,7.57
1,8200.32,351231.96,0,9200,11.68,37,697,7.036
1,10466.76,577219.32,0,9600,9.38,23,609,7.224
1,4989.24,296889,0,11100,1.8,49,713,7.845
0,18216.24,200885.28,0,9500,0,25,632,7.176
1,3052.68,535345.8,0,8800,11.31,29,869,6.875
1,18087,288690.24,0,8600,12.38,43,865,6.786
1,10806.84,490184.28,0,10300,15.92,29,846,7.504
1,7141.8,552143.4,0,8600,21.97,27,632,6.794
0,1967.28,252996,0,9500,19.22,26,852,7.174
1,4675.32,521672.04,0,9200,19.89,41,539,7.029
0,16019.64,178018.32,0,7800,14.8,52,752,6.449
0,23540.76,214369.2,0,10100,15.07,31,829,7.415
1,14077.92,437276.16,0,9300,14.62,32,899,7.076
1,13229.04,278616.96,0,9100,22,46,544,6.987
1,14746.92,556941.84,0,7900,14.85,35,898,6.502
1,18069.96,354309,1,7500,9.66,35,826,6.318
0,14611.44,253925.16,0,10000,14.4,39,893,7.377
0,10117.92,144514.68,0,10300,24.55,34,764,7.521
1,12054.36,712847.16,0,9400,14.23,52,827,7.115
1,3528.72,690001.32,0,11300,19.7,40,716,7.915
1,5816.64,294834.84,0,8600,11.49,38,827,6.761
1,9306.72,415035,0,9300,20.82,45,753,7.078
0,16071.72,252382.32,0,20200,14.33,40,662,11.699
1,9622.32,469879.56,0,11300,4.51,25,896,7.916
1,6622.68,450877.68,0,9900,10.55,33,627,7.314
0,6268.56,281280.72,0,10100,4.45,27,885,7.42
0,14849.4,247925.64,0,9900,15.62,43,769,7.352
1,3840.12,690761.88,0,8700,15.6,43,703,6.828
1,11528.04,361124.76,0,9600,14.56,30,621,7.211
1,3264.24,357283.32,0,10000,18.53,49,630,7.373
1,11126.04,405381.84,0,9700,0.6,38,599,7.264
1,909.6,662276.28,0,12300,22.74,57,575,8.367
1,15430.2,451631.4,0,8800,2.09,55,892,6.865
1,17661.36,389736.48,0,8900,6.65,23,734,6.917
0,9696.12,173825.64,0,8600,17.4,30,716,6.782
1,8968.2,514800.24,0,9100,16.91,30,538,6.991
1,3933.6,286383.96,0,10300,10.14,24,890,7.492
0,10216.08,225438.96,0,8800,3.36,28,709,6.869
1,1330.2,328443.6,0,8400,24.48,34,863,6.709
1,6501.12,687865.32,0,8700,21.49,37,822,6.82
1,0,435231.48,0,8500,18.75,32,697,6.731
1,14416.32,620890.68,0,9400,3.6,27,822,7.103
1,686.64,227790.72,0,9500,2.74,37,741,7.183
0,9421.08,395349.96,0,10000,21.72,31,504,7.366
0,4603.68,209342.16,0,7700,22.17,55,611,6.385
1,13287.6,633180.72,0,9100,14.24,28,560,6.974
1,4763.88,665455.56,0,9100,3.07,51,706,7.001
1,0,537688.56,0,12700,0.13,36,616,8.508
1,11090.88,542488.68,0,9400,13.79,30,660,7.121
1,7229.88,398430.36,0,8100,10.59,36,664,6.582
0,9944.88,215547.72,0,11300,7.6,25,617,7.922
0,19.32,250048.08,0,10300,13.5,50,511,7.499
0,10728.12,216027.96,0,9900,4.24,40,785,7.348
1,14813.76,375760.44,0,10900,10.12,27,537,7.744
1,4872.12,511706.88,0,6100,7.12,30,731,5.704
0,12624,148513.2,0,10000,18.75,26,634,7.382
0,13030.08,226682.76,0,9100,8.14,27,646,6.987
1,19874.04,493597.56,0,8500,13.03,27,676,6.736
0,2911.8,245121.48,0,10300,20.39,25,588,7.498
0,7227.72,155132.52,0,8700,1.8,32,802,6.803
1,2251.2,715932,0,10300,15.01,46,811,7.512
1,3975.6,413972.88,0,9800,22.73,45,651,7.283
1,10936.68,685575.84,0,11800,13,30,579,8.124
1,4696.92,477138.72,0,10000,18.38,39,872,7.377
1,17404.2,407486.16,0,8500,7.07,48,779,6.726
1,9839.04,347521.32,0,10800,22.28,32,568,7.705
0,19082.16,223996.92,0,10700,17.69,46,539,7.688
0,15079.32,269922,0,11600,2.24,23,710,8.051
0,22671.96,271825.32,1,8700,17.77,33,764,6.839
1,8924.28,129299.64,0,8500,17.65,24,680,6.753
1,4118.28,354670.92,0,9600,15.49,40,871,7.207
1,6419.64,528951.96,0,7400,3.53,24,806,6.272
1,14492.4,418290.48,0,10700,14.59,24,900,7.669
1,6777.72,477953.04,0,9800,16.53,27,857,7.278
0,5944.44,275257.68,0,8900,18.74,46,887,6.916
1,10830.12,463770.24,0,6900,1.37,22,772,6.045
0,20895.24,222528.6,0,7000,8.08,36,502,6.085
1,13999.68,632401.32,0,8700,9.58,34,618,6.811
0,7573.92,278940.84,0,11100,1.25,24,512,7.849
0,12923.76,176020.56,0,11000,9.57,60,806,7.819
1,14922.6,451612.2,1,9700,21.57,29,534,7.241
1,25356.24,416973.12,0,9300,22.83,32,705,7.097
1,15552.72,519759.36,0,11100,25.43,36,620,7.84
1,13064.04,565772.76,0,10100,12.71,30,634,7.425
1,9896.76,507762.24,0,9900,9.58,29,890,7.334
1,8211.48,444134.16,0,8800,11.73,34,899,6.848
1,448.32,314658.24,0,11000,0.38,32,635,7.788
0,10537.8,220974.84,0,9100,16.8,32,689,6.982
1,10850.88,488201.52,0,8300,13.82,25,622,6.647
0,11304.48,266176.68,0,8300,23.14,44,758,6.662
0,11489.88,195880.32,0,8300,13.56,37,774,6.634
1,3423.48,211279.68,0,9800,24.97,24,685,7.31
0,17620.56,238152.72,0,8900,19.96,23,808,6.899
1,3872.52,332022.96,0,8600,13.08,29,877,6.788
1,4969.56,490526.76,0,10900,10.64,37,731,7.759
1,13260,441752.52,0,10400,15.81,59,877,7.554
1,5.4,383218.08,0,8600,14.42,33,801,6.799
1,7436.4,166826.16,0,9600,1.16,51,780,7.195
1,3526.44,680121.6,0,9300,16.83,27,805,7.088
0,7648.56,236459.04,0,7600,7.46,32,871,6.372
1,13314.36,831900.96,0,9300,29.15,42,570,7.093
1,14677.32,634841.52,0,11700,18.46,39,775,8.088
0,14204.28,156979.92,0,10300,3.12,46,626,7.504
1,6837.48,652022.64,0,9900,12.29,41,520,7.349
1,7506.36,552317.88,0,9500,18.81,30,702,7.172
1,10003.92,202905.36,0,10500,9.41,34,767,7.575
1,10392.6,537927.24,0,9900,5.44,35,900,7.323
0,11345.76,207351.48,0,11900,8.11,41,611,8.181
1,18658.2,526821.72,0,9700,19.72,43,721,7.256
1,6909.24,623133,0,7900,21.78,47,574,6.485
1,13699.2,464675.52,0,8600,11.03,31,900,6.788
1,13759.68,544518.72,0,8100,18.62,30,727,6.547
1,0,411671.04,0,9600,11.04,24,585,7.184
1,5216.52,425457.12,0,10500,20.59,36,605,7.58
1,12313.56,469627.68,0,9600,20.78,28,607,7.197
0,15633.6,351028.32,0,8400,21.52,36,872,6.702
1,8288.52,714742.92,0,9600,11.14,27,802,7.195
1,6893.4,488731.68,0,9900,13.53,32,609,7.321
1,0,520159.44,0,9300,5.38,42,603,7.088
0,3015.72,156703.32,0,9400,12.48,33,686,7.127
0,15025.32,197888.52,0,10500,14.47,39,513,7.568
1,2494.8,626991.72,0,9400,24.51,30,662,7.116
1,21036.96,587584.2,1,8100,14.56,30,830,6.564
0,15359.28,253290.24,0,9400,14.79,22,781,7.119
1,10354.56,437542.8,0,10700,17.63,25,700,7.656
1,13722.48,400739.76,0,8800,0,28,800,6.859
1,15038.16,854862.6,0,7800,20.33,26,688,6.425
1,7488.96,306691.68,0,8700,19.58,54,675,6.807
0,12334.32,171865.08,0,9100,20.77,24,609,6.975
1,23568.12,606642.36,1,8100,16.98,29,653,6.547
1,9029.16,390475.8,0,10300,14.6,36,552,7.514
1,11447.16,391681.68,0,7200,6.6,49,520,6.174
1,9278.4,800993.16,0,10300,5.53,23,865,7.522
1,5193.48,626857.08,0,8500,20.53,43,528,6.758
1,9572.76,379401.6,0,8800,4.55,33,894,6.879
1,2890.08,673069.8,0,9500,16.04,53,818,7.172
1,7947.84,381784.2,0,10400,5.7,25,875,7.54
0,12676.44,185188.8,0,9800,0.95,54,614,7.293
1,8893.08,516186.48,0,9500,11.69,39,653,7.165
1,0,507416.16,0,8600,5.33,44,734,6.781
1,11783.4,493478.52,0,10300,14.95,27,602,7.506
1,18838.08,513376.56,0,7700,12.55,25,714,6.381
1,1638.12,547153.32,0,8300,24.94,29,573,6.639
0,8783.4,217409.16,0,8500,1.77,39,835,6.738
1,8613.72,384491.16,0,9600,20.28,45,602,7.219
0,12062.16,219146.16,0,9500,12.9,38,532,7.155
1,6743.16,374314.92,0,9900,14.79,23,611,7.342
1,24398.28,539979.48,1,5500,70.34,25,745,7.265